{
    "$schema": "https://json.schemastore.org/nest-cli",
    "collection": "@nestjs/schematics",
    "sourceRoot": "src",
    "compilerOptions": {
        "plugins": [
            {
                "name": "@nestjs/swagger",
                "options": {
                    "classValidatorShim": true,
                    "introspectComments": true,
                    "dtoFileNameSuffix": [
                        "model.ts"
                    ]
                }
            }
        ],
        "watchAssets": true
    }
}